undefined5139190729		/tix/5139190729.html	Burning Man ticket with Survival Guide	$900	Tue 11 Aug 04:31:22 PM
5164220153		/tix/5164220153.html	BURNING MAN TICKET	$1600	Sun 09 Aug 01:22:18 PM
5161122607		/wan/5161122607.html	Looking for 1 Burning Man Ticket 2015	$400	Fri 07 Aug 11:30:43 AM
5159533184		/wan/5159533184.html	600 dollar need to go to Burning Man. PLEASE HELP!	$600	Thu 06 Aug 11:59:47 AM
5158226615		/wan/5158226615.html	I need a Burning Man 2015 ticket!!!	$500	Wed 05 Aug 02:39:14 PM
5153287912		/tix/5153287912.html	***2 lifelong friends looking for 2 TIX to BURNING MAN 2015***	$850	Sun 02 Aug 03:49:13 PM
5153276947		/wan/5153276947.html	***2 lifelong friends looking for 2 TIX to BURNING MAN 2015***	$850	Sun 02 Aug 03:41:40 PM
5170772320		/wan/5170772320.html	I need a ticket to burning man!!! :)	$99999	Thu 13 Aug 11:21:11 AM
5165301746	5129234882	/wan/5165301746.html	looking to buy 2 tickets to burning man	$400	Mon 10 Aug 08:00:00 AM
5130935825		/wan/5130935825.html	2 Burning Man Tickets Wanted - $600 per	&#x0024;600	Sun 19 Jul 06:00:16 PM (4 seconds ago)
5123585913		/wan/5123585913.html	Burning Man Tickets Needed - We're Getting Married!	&#x0024;780	Tue 14 Jul 09:56:32 PM (3 seconds ago)
5123340808		/wan/5123340808.html	Taking mom and dad to burning man	&#x0024;390	Tue 14 Jul 06:42:39 PM (-292 seconds ago)
5165915579		/tid/5165915579.html	1-12 TICKETS JUST RELEASED =========&gt; LOWER LEVEL PRIME VIEW		Mon 10 Aug 01:17:25 PM
5158263162	5031107776	/tid/5158263162.html	&#9734; TICKETS FOR SALE &#9734; GREAT SEATS &#9734; LOW PRICES &#9734;		Wed 05 Aug 02:58:27 PM
5157752736		/tid/5157752736.html	1-10 INCREDIBLE SEATS TOGETHER AVAILABLE ====&gt; LOWER LEVEL		Wed 05 Aug 10:42:27 AM
5154762952		/tid/5154762952.html	1-10 INCREDIBLE SEATS TOGETHER AVAILABLE ====&gt; LOWER LEVEL		Mon 03 Aug 02:30:09 PM
5119595529		/for/5119595529.html	Tapper Galaga multi arcade Marvel and more !	$850	Sun 02 Aug 09:33:02 PM
5099188534		/emd/5099188534.html	Final reduction! - Lot vinyl record albums - Pop, Christmas, Childrens	$50	Tue 21 Jul 11:02:10 AM
5102380435		/grd/5102380435.html	RV Fresh Water Tank one left	$40	Mon 20 Jul 04:55:09 PM
5061744121		/wan/5061744121.html	TRUCK NEEDED		Mon 06 Jul 11:32:36 AM (-293 seconds ago)
5102168595	4934410381	/grd/5102168595.html	30 Amp RV Power Cord (20ft)	&#x0024;15	Wed 01 Jul 03:21:20 PM (5 days ago)
5155341924		//victoriatx.craigslist.org/tix/5155341924.html	Burning Man Single Ticket 2015	$7	Mon 03 Aug 08:33:24 PM
5166034305		//sanantonio.craigslist.org/tid/5166034305.html	1-12 TICKETS JUST RELEASED =========&gt; LOWER LEVEL PRIME VIEW		Mon 10 Aug 02:15:23 PM
5158265539	5029730666	//sanantonio.craigslist.org/tid/5158265539.html	☆ TICKETS FOR SALE ☆ GREAT SEATS ☆ LOW PRICES ☆		Wed 05 Aug 02:59:43 PM
5154814524		//sanantonio.craigslist.org/tid/5154814524.html	1-10 INCREDIBLE SEATS TOGETHER AVAILABLE ====&gt; LOWER LEVEL		Mon 03 Aug 02:56:34 PM
5143464294	5029730666	//sanantonio.craigslist.org/tid/5143464294.html	☆ TICKETS FOR SALE ☆ GREAT SEATS ☆ LOW PRICES ☆		Mon 27 Jul 01:59:03 PM
5140188212	4937100751	//sanantonio.craigslist.org/bfs/5140188212.html	BOBCAT, SKID STEER &amp; BACKHOE SERVICE	$55	Sat 25 Jul 12:34:02 PM
5094235540		//sanantonio.craigslist.org/cto/5094235540.html	1963 Vintage International 130 farm truck	$1450	Mon 20 Jul 02:45:23 PM
5111737282		//sanantonio.craigslist.org/fud/5111737282.html	NEW! FURNITURE SALE 30% TO 70% OFF ALL FURNITURE. (BEST PRICE IN TOWN)		Tue 07 Jul 05:22:23 PM
5088656281		//sanantonio.craigslist.org/fud/5088656281.html	Brown Sectional Sofa At Lowest Rate		Mon 06 Jul 01:04:03 PM
5088658570		//sanantonio.craigslist.org/fud/5088658570.html	Versatile collection, available in traditional and modular configurati		Mon 06 Jul 01:04:17 PM
5088660320		//sanantonio.craigslist.org/fud/5088660320.html	Right dining set for your dinner occasion		Mon 06 Jul 01:04:37 PM
5088543007		//sanantonio.craigslist.org/fud/5088543007.html	Oxford Creek Flare Arms Daybed with Trundle		Mon 06 Jul 12:49:31 PM
5088554414		//sanantonio.craigslist.org/fud/5088554414.html	Mattress provides complete contoured back support		Mon 06 Jul 12:49:23 PM
5088539819		//sanantonio.craigslist.org/fud/5088539819.html	Splash of style with this versatile pub styled table		Mon 06 Jul 12:45:53 PM
5088527060		//sanantonio.craigslist.org/fud/5088527060.html	Hot Black Sectional Big		Mon 06 Jul 12:43:01 PM
5088534597		//sanantonio.craigslist.org/fud/5088534597.html	Beautiful NEW ***Leather Upholstered Queen		Mon 06 Jul 12:43:22 PM
5088376059		//sanantonio.craigslist.org/fud/5088376059.html	YOU can enjoy easy cleaning and lasting durability with the high grade		Mon 06 Jul 12:29:01 PM
5088379865		//sanantonio.craigslist.org/fud/5088379865.html	Spring Clearance Sale.. only a couple left		Mon 06 Jul 12:29:46 PM
5088263700		//sanantonio.craigslist.org/fud/5088263700.html	furniture sale sofas &amp; sectionals		Mon 06 Jul 12:16:18 PM
5088276533		//sanantonio.craigslist.org/fud/5088276533.html	Broderick Contemporary ==7 Piece White Dining Table Set		Mon 06 Jul 12:16:27 PM
5088279995		//sanantonio.craigslist.org/fud/5088279995.html	Beautiful NEW Leather Upholstered Queen		Mon 06 Jul 12:16:35 PM
5088285732		//sanantonio.craigslist.org/fud/5088285732.html	Hot Black Sectional Big		Mon 06 Jul 12:16:42 PM
5054215948	4828601578	//sanantonio.craigslist.org/hsh/5054215948.html	New 47 in Digital fire place- heater, LED flames	$325	Tue 30 Jun 07:16:16 AM
