undefined5169223754	5101784130	/tid/5169223754.html	burning man tickets		Wed 12 Aug 10:06:17 AM
5167589002	5101784130	/tid/5167589002.html	buy my burning man tickets!		Tue 11 Aug 10:43:51 AM
5164145433	5101784130	/tid/5164145433.html	Burning Man Tickets to Sell		Sun 09 Aug 09:31:12 AM
5159469208	5101784130	/tid/5159469208.html	selling my burning man tickets		Thu 06 Aug 09:14:46 AM
5156050712	5101784130	/tid/5156050712.html	burning man tickets (plus vehicle pass) for sale		Tue 04 Aug 08:51:47 AM
5170843821		/for/5170843821.html	Stretch Yurt - Camping, Burning man	$400	Thu 13 Aug 09:57:31 AM
5149357699		/rvd/5149357699.html	BURNING MAN specials rv rentals available		Thu 13 Aug 07:38:46 AM
5155877022	4870132461	/pts/5155877022.html	Lite Bar strobelite burning man vehicle lite bar	$495	Thu 13 Aug 07:04:45 AM
5170379724	4601495216	/clo/5170379724.html	BURNING MAN JACKET	$89	Thu 13 Aug 04:39:03 AM
5170297449		/rvd/5170297449.html	RV FOR RENT, 8 Sleeps, EXCELLENT CONDITION, BURNING MAN	$150	Thu 13 Aug 12:17:52 AM
5160832899	5152036047	/rvs/5160832899.html	Burning Man-19' Camping RV/Van-Stove-Sink-Microwave-Toilet-Runs Beautiful!	$4350	Wed 12 Aug 10:34:24 PM
5170131530	4897068850	/rvs/5170131530.html	Nice Rv for Rent. BURNING MAN. BOTTLE ROCK NAPA	$155	Wed 12 Aug 09:31:58 PM
5150483998		/cld/5150483998.html	Burning Man Clothing and Gear. Fur Vests, Fur Hats, EL Wire, Etc	$5	Wed 12 Aug 06:54:27 PM
5152807234		/clo/5152807234.html	Belly Dance Costumes - Burning Man, Festivals, Gatherings	$1	Wed 12 Aug 05:07:15 PM
5169460235	4897068850	/rvs/5169460235.html	Nice Rv for Rent. BURNING MAN. BOTTLE ROCK NAPA	$155	Wed 12 Aug 12:58:12 PM
5169408639		/bik/5169408639.html	Burning Man Sonoma Beach Cruiser	$245	Wed 12 Aug 11:39:10 AM
5165701867		/wan/5165701867.html	burning man ticket		Wed 12 Aug 11:08:42 AM
5169152338		/hab/5169152338.html	burning man hair styles -braids-extensions-	$40	Wed 12 Aug 09:30:40 AM
5168676796		/wan/5168676796.html	Burning Man Ticket Wanted Cash or ? iPhone 5 Unlocked Jailbroken	$400	Wed 12 Aug 02:45:55 AM
5159721652		/wan/5159721652.html	1 Burning man ticket ;-)		Tue 11 Aug 10:19:20 PM
5163501847	5152036047	/cto/5163501847.html	Burning Man-19' Camping RV/Van-Stove-Sink-Microwave-Toilet-Runs Beautiful!	$4350	Tue 11 Aug 06:54:08 PM
5168127087		/bik/5168127087.html	3 burning man bikes for sale	$50	Tue 11 Aug 03:29:38 PM
5164297207		/wan/5164297207.html	Burning Man ticket for Money and CHOCOLATE	$400	Tue 11 Aug 02:41:01 PM
5164323543		/tix/5164323543.html	Seeking: 2 Burning Man tickets for Money and CHOCOLATE	$800	Tue 11 Aug 02:31:14 PM
5167414886	5147090635	/mad/5167414886.html	5 GALLON &amp; 55 GALLON Gray Water &amp; Drinking Water Storage BURNING MAN	$4	Tue 11 Aug 10:31:27 AM
5166659418		/clo/5166659418.html	Rock Climbing Shoes and Burning Man Clothes	$1	Mon 10 Aug 06:39:49 PM
5166656612		/cto/5166656612.html	Burning man ready!!! super LOW milage VW Westie van	$16000	Mon 10 Aug 06:37:34 PM
5118920915		/rvs/5118920915.html	**Burning Man**19' Dodge Sportsman Van/RV-Runs Great-Stove-Fridge-Toilet-Sleeps	$4350	Mon 10 Aug 04:33:42 PM
5166381061	4853788127	/rvs/5166381061.html	BURNING MAN / CAMPING RV RENTALS		Mon 10 Aug 03:39:57 PM
5166009340	4555200502	/hab/5166009340.html	Burning man Braids	$25	Mon 10 Aug 12:02:58 PM
5165611753	5049456971	/rvs/5165611753.html	Burning man special 18 foot trailer rental	$2000	Mon 10 Aug 10:57:34 AM
5128103180	4897068850	/rvs/5128103180.html	Nice Rv for Rent. BURNING MAN. BOTTLE ROCK NAPA	$155	Mon 10 Aug 07:25:00 AM
5165113175		/tix/5165113175.html	Offering first born for Burning Man ticket.	$999	Sun 09 Aug 10:23:47 PM
5165080515		/tix/5165080515.html	Your Burning Man Parking Pass Is My Treasure	$1	Sun 09 Aug 09:18:15 PM
5152039766	4904013932	/rvs/5152039766.html	RVs for rent BURNING MAN NEARLY SOLD OUT	$155	Sun 09 Aug 01:52:36 PM
5125123218		/fud/5125123218.html	Mattresses!!!! Need a mattress for burning man? $50 and up!!!	$50	Sun 09 Aug 11:13:02 AM
5163752324	4555200502	/hab/5163752324.html	Burning man Braids	$25	Sat 08 Aug 11:37:00 PM
5157594211	4525960512	/rvs/5157594211.html	"""Burning Man Special"" - 1986 Fleetwood Bounder - Class A"	$8000	Sat 08 Aug 08:57:42 PM
5163595158		/bik/5163595158.html	Burning Man bikes	$125	Sat 08 Aug 07:19:57 PM
5163563869		/sgd/5163563869.html	BURNING MAN BOTA BAGS!	$14	Sat 08 Aug 06:44:43 PM
5163559047		/cld/5163559047.html	BURNING MAN SUPPLIES! SHEMAGHS IN STOCK!	$12	Sat 08 Aug 06:39:29 PM
5155392056		/rvs/5155392056.html	BURNING MAN 34FT RV FIFTH WHEEL TRAILER FOR RENT	$6500	Sat 08 Aug 02:42:19 PM
5127979205	4958921181	/snw/5127979205.html	Segways for Sale, Great for Burning Man	$2150	Sat 08 Aug 01:52:14 PM
5136119216	4958921181	/for/5136119216.html	Burning Man is coming, Segways	$2150	Sat 08 Aug 01:52:22 PM
5162802782		/wan/5162802782.html	Burning Man ticket and car pass wanted	$500	Sat 08 Aug 10:08:14 AM
5162427774	5125165353	/spo/5162427774.html	Burning Man Special Trailer 21 &#39;Nomad by Weekender	$3495	Sat 08 Aug 06:24:35 AM
5161335561	5147090635	/mad/5161335561.html	5 GALLON &amp; 55 GALLON Gray Water &amp; Drinking Water Storage BURNING MAN	$4	Fri 07 Aug 12:32:50 PM
5145489527		/hsd/5145489527.html	5 GALLON &amp; 55 GALLON Gray Water &amp; Drinking Water Storage BURNING MAN	$4	Thu 06 Aug 11:48:28 AM
5159686269	5147475353	/wan/5159686269.html	CASH AND GIFT IN HAND FOR YOUR BURNING MAN TICKET. WILL DRIVE 2 U	$500	Thu 06 Aug 11:25:13 AM
5159705108		/clo/5159705108.html	New Men's XL faux fur coat. Great for Burning Man	$75	Thu 06 Aug 11:15:50 AM
5141622382	5101784130	/tid/5141622382.html	I'm Selling My Burning Man Tickets!!!!!!!!!!!!!!!!!		Sun 26 Jul 09:58:58 AM (10 seconds ago)
5170290827		/snd/5170290827.html	YAMAHA RAPTORS FOR RENT, ATV DRIVE UP TO 65 MPH, BURNING MAN, PISMA	$150	Wed 12 Aug 11:53:29 PM
5166069359		/bik/5166069359.html	Burning Man Bicycle	$125	Wed 12 Aug 09:53:37 PM
5170015225	5079715408	/rvs/5170015225.html	CUSTOM 2002 Bounder 33R - 2 Slides - Perfect for Burning Man!	$22000	Wed 12 Aug 05:57:08 PM
5168552609		/for/5168552609.html	16' wide by 8' tall geodesic dome frame for burning man	$400	Tue 11 Aug 10:33:44 PM
5168573489		/rvs/5168573489.html	1977 LIFETIME RV burning man special	$3100	Tue 11 Aug 10:03:59 PM
5168307514		/wan/5168307514.html	Wanted : Burning man ticket		Tue 11 Aug 05:33:33 PM
5168268753		/ctd/5168268753.html	1973 SEQUOIA 260**BURNING MAN LOVE MACHINE**LOW MILES**	$9977	Tue 11 Aug 05:04:41 PM
5168014756	4861828177	/rvs/5168014756.html	Burning Man Trailer Towing needed	$1	Tue 11 Aug 02:54:46 PM
5168016783	5090851901	/rvs/5168016783.html	RENTAL TRAVEL TRAILER DELIVERED FOR BURNING MAN	$5000	Tue 11 Aug 02:23:55 PM
5166851669		/wan/5166851669.html	1 Burning Man Ticket Sought		Mon 10 Aug 10:00:05 PM
5166851037		/wan/5166851037.html	Please! Looking for 1 Burning Man ticket and 2 vehicle passes!	$500	Mon 10 Aug 09:59:06 PM
5166635158		/rvs/5166635158.html	1971 revcon (airstream) great condition. buy or rent for burning man	$8000	Mon 10 Aug 06:20:38 PM
5166561112		/wan/5166561112.html	Burning man ticket needed cash in hand	$420	Mon 10 Aug 05:36:12 PM
5130729716	5105899038	/bik/5130729716.html	"9 Burning man playa bikes 26"" wheels"	$40	Mon 10 Aug 05:04:02 PM
5166462905		/cto/5166462905.html	98 Burning man rig e350 Ambulance		Mon 10 Aug 04:17:13 PM
5155391860		/rvs/5155391860.html	Burning Man Motorhome	$3000	Mon 10 Aug 01:10:14 PM
5159244357		/bik/5159244357.html	Mt bikes for Burning Man	$50	Mon 10 Aug 06:54:12 AM
5165162486		/tix/5165162486.html	Burning man Ticket for me?	$500	Mon 10 Aug 12:29:20 AM
5165039762		/rvs/5165039762.html	burning man RV rental	$1200	Sun 09 Aug 08:35:22 PM
5165006208		/rvs/5165006208.html	BURNING MAN RENTAL SMALL RV	$3000	Sun 09 Aug 08:13:09 PM
5165023603		/rvs/5165023603.html	RV rental for Burning Man - kitchen bathroom sleeps 6	$4000	Sun 09 Aug 08:06:53 PM
5164660760		/tix/5164660760.html	Looking for 2 burning man tix and vehicle pass	$900	Sun 09 Aug 03:02:45 PM
5137019347	5101784130	/tid/5137019347.html	Burning Man tickets to sell		Thu 23 Jul 10:38:44 AM (8 seconds ago)
5117017580		/clo/5117017580.html	Burning Man Betsy Johnson Body Suit/bronze sparkle	$25	Sat 08 Aug 08:19:28 PM
5117023587		/for/5117023587.html	Burning Man BodySuit by Betsy Johnson	$25	Sat 08 Aug 08:19:12 PM
5163624773		/clo/5163624773.html	BURNING MAN... Just Fucking Rainbows!	$99	Sat 08 Aug 08:10:59 PM
5155199021		/rvs/5155199021.html	Custom Gypsy Wagon-Burning Man	$7500	Sat 08 Aug 05:55:10 PM
5155200438	5141713552	/rvs/5155200438.html	BURNING MAN trailer	$3950	Sat 08 Aug 05:53:57 PM
5162214746		/clo/5162214746.html	Corset Tail Vest - Burning Man Pirate Gothic	$50	Fri 07 Aug 10:43:32 PM
5162083094	5129315131	/rvs/5162083094.html	1991 Suncrest rv burning man special	$3500	Fri 07 Aug 07:39:01 PM
5161647796		/wan/5161647796.html	Trade: Ride to Burning Man for Vehicle Pass	$60	Fri 07 Aug 02:04:43 PM
5161637675		/rvs/5161637675.html	Burning Man Trailer / RV	$350	Fri 07 Aug 01:58:56 PM
5113476124		/grq/5113476124.html	Burning Man Aluminet shade cloth 70%	$135	Fri 07 Aug 08:40:58 AM
5160285004		/wan/5160285004.html	I Need a Burning Man Ticket, Please!	$420	Thu 06 Aug 05:02:04 PM
5140252745	4966669792	/bik/5140252745.html	ONE OF A KIND 3 WHEEL BIKE BURNIN MAN???	$120	Wed 12 Aug 09:04:19 AM
5150048954	4966669792	/bik/5150048954.html	ONE OF A KIND 3 WHEEL BIKE BURNIN MAN???	$120	Wed 12 Aug 09:03:57 AM
5129129840		/ctd/5129129840.html	RV FOR RENT 2015, 8sleeps, PLATINUM, BURNING MAN OR CRUISE USA	&#x0024;225	Sat 18 Jul 10:37:32 AM (9 seconds ago)
5132634586		/ctd/5132634586.html	1973 SEQUOIA 260**BURNING MAN LOVE MACHINE**LOW MILES**	$9977	Mon 20 Jul 04:21:52 PM
5167624172		/rvd/5167624172.html	RV FOR RENT, motorhome BRAND NEW, CRUISE OR RENTAL	$225	Thu 13 Aug 11:38:30 AM
5170866966	4870280967	/hsd/5170866966.html	Plastic &amp; Metal ORGANIC Food Grade 55 Gallon Drums / Barrels	$29	Thu 13 Aug 10:39:28 AM
5170776123	4927804226	/bks/5170776123.html	massive set Best selling audio books	$99	Thu 13 Aug 09:23:08 AM
5136267771		/grd/5136267771.html	44' metal Geodesic Dome with hoop door &amp; parachute cover	$1	Thu 13 Aug 09:09:14 AM
5170427745	4906156766	/grd/5170427745.html	55 GALLON FOOD GRADE PLASTIC DRUMS/RAIN BARRELS ON SALE	$25	Thu 13 Aug 05:42:09 AM
5170294104	5113360443	/rvs/5170294104.html	29FT JAMBOREE CLASS A B C RV RVS MOTORHOME MOTOR HOME FOR RENT RENTAL	$150	Thu 13 Aug 01:32:39 AM
5170286301	5068369262	/rvs/5170286301.html	29 FT TIOGA CLASS C B A RV RVS MOTORHOME MOTOR HOME FOR RENT RENTAL	$130	Thu 13 Aug 12:38:45 AM
5140737079	5040284801	/cto/5140737079.html	2008 VW GOLF GTI TURBO, CARBON FIBER COMPONENTS, LOW MILES	$11500	Thu 13 Aug 12:07:18 AM
5170274279	5069354539	/rvd/5170274279.html	24FT CHALET CLASS A B C RV MOTORHOME MOTOR HOME FOR RENT RENTAL	$125	Wed 12 Aug 11:33:23 PM
5140300791	5113253876	/rvs/5140300791.html	25FT JAMBOREE CLASS A B C RV RVS MOTOR HOME MOTORHOME FOR RENT RENTAL	$100	Wed 12 Aug 11:04:27 PM
5146653627	5069354539	/rvd/5146653627.html	29FT FLEETWOOD CLASS A B C RV MOTORHOME MOTOR HOME FOR RENT RENTAL	$170	Wed 12 Aug 11:04:33 PM
5171078941	5082179796	/bik/5171078941.html	Burning Man Bike	$80	Thu 13 Aug 11:59:35 AM
