undefined5170706480	4904039340	/sfc/tid/5170706480.html	Selling my burning man tickets!!!!!!!!!!!!!!!!!!!!!!!!!!!!!!!!!!!!!!!!		Thu 13 Aug 08:47:04 AM
5171066305		/sfc/tix/5171066305.html	2 Burning Man Tickets + fully equiped RV + Vehicle Pass	$12000	Thu 13 Aug 11:52:42 AM
5171010438		/eby/tix/5171010438.html	2 Burning Man tix, 1 Vehicle Pass, RV rental	$5400	Thu 13 Aug 11:48:28 AM
5170847942		/sfc/tix/5170847942.html	I need Burning Man ticket	$550	Thu 13 Aug 09:59:40 AM
5169213471	4904039340	/sfc/tid/5169213471.html	burning man tickets		Wed 12 Aug 10:01:11 AM
5169895551		/sfc/tix/5169895551.html	"SCAM ALERT!! ""(2) Burning Man Tickets (1) Vehicle Pass (Last Call)"""	$1	Wed 12 Aug 04:50:23 PM
5169537303		/sby/tix/5169537303.html	4 Burning Man Tics &amp; 2 Vehicle Passes	$1	Wed 12 Aug 12:45:48 PM
5167584165	4904039340	/sfc/tid/5167584165.html	buy my burning man tickets!		Tue 11 Aug 10:41:33 AM
5168269279		/nby/tix/5168269279.html	Trade new 29er Mt. Bike for Burning Man Tix	$1295	Tue 11 Aug 05:05:08 PM
5167929681		/sby/tix/5167929681.html	Burning Man - Info for CL buyers	$550	Tue 11 Aug 01:35:47 PM
5167824025		/sfc/tix/5167824025.html	Burning Man Ticket Trade		Tue 11 Aug 12:40:36 PM
5165681080	4904039340	/sfc/tid/5165681080.html	/////Selling My Burning Man Tickets\\\\\		Mon 10 Aug 09:27:03 AM
5164995169	4904039340	/sfc/tid/5164995169.html	burning man ticket		Sun 09 Aug 07:36:54 PM
5164129412	4904039340	/sfc/tid/5164129412.html	Burning Man Tickets to Sell		Sun 09 Aug 09:20:55 AM
5164928100		/eby/clo/5164928100.html	GOBS of Burning Man clothing, accessories &amp; gear!!!	$200	Sun 09 Aug 06:34:15 PM
5162941854	4904039340	/sfc/tid/5162941854.html	Set of Burning Man Tickets		Sat 08 Aug 11:21:42 AM
5170285509		/sfc/tix/5170285509.html	Burning Man tickets and vehicle pass wanted	$777	Wed 12 Aug 11:40:33 PM
5162855648		/nby/tix/5162855648.html	Burning Man Ticket for $800 plus vehicle pass	$800	Sat 08 Aug 10:35:58 AM
5161231750	4904039340	/sfc/tid/5161231750.html	Getting rid of my burning man tickets		Fri 07 Aug 10:25:49 AM
5161617959		/sfc/tix/5161617959.html	I'm looking for burning man tickets	$399	Fri 07 Aug 01:58:38 PM
5160427229	4904039340	/sfc/tid/5160427229.html	Burning Man Tickets - MUST SELL!!!!!!!!!!!!!!!!!!!!!!!!!!!!!!!!!!!!!!!		Thu 06 Aug 07:06:42 PM
5159464366	4904039340	/sfc/tid/5159464366.html	selling my burning man tickets		Thu 06 Aug 09:12:15 AM
5158204340	4904039340	/sfc/tid/5158204340.html	Burning Man Ticket		Wed 05 Aug 12:27:30 PM
5158190427	4904039340	/sfc/tid/5158190427.html	burning man tickets - MUST SELL!!!!!!!!!!!		Wed 05 Aug 12:20:13 PM
5157983671	4904039340	/sfc/tid/5157983671.html	For Sale: Set of Burning Man Tickets		Wed 05 Aug 10:36:34 AM
5156048706	4904039340	/sfc/tid/5156048706.html	burning man tickets (plus vehicle pass) for sale		Tue 04 Aug 08:50:47 AM
5171065494		/eby/wan/5171065494.html	wanted: Three burning man tickets and three car passes.	$800	Thu 13 Aug 11:52:15 AM
5150970106		/sfc/bid/5150970106.html	Burning Man +1 - Single Speed Tandem Perfect for Playa	$399	Thu 13 Aug 11:41:25 AM
5170995966		/sfc/wan/5170995966.html	Want: burning man parking ticket	$300	Thu 13 Aug 11:31:58 AM
5170991645		/sfc/tix/5170991645.html	2015 Burning Man Ticket and vehicle pass	$380	Thu 13 Aug 11:13:46 AM
5164005968	5149590278	/sfc/for/5164005968.html	Burning Man Cargo/Camper Trailer	$13500	Thu 13 Aug 11:10:16 AM
5162937656		/sby/bid/5162937656.html	New Burning Man Electric Bikes	$1095	Thu 13 Aug 11:03:37 AM
5170973083	5156295774	/pen/bik/5170973083.html	Burning Man bicycle (costume made design)	$300	Thu 13 Aug 11:04:06 AM
5165749501	4811407352	/nby/clt/5165749501.html	BURNING MAN POSTERS 2011 COLLECTIBLE	$30	Thu 13 Aug 10:35:50 AM
5170893192		/eby/bik/5170893192.html	Burning Man Motorized Beach Cruisers	$400	Thu 13 Aug 10:32:53 AM
5170913259		/sfc/wan/5170913259.html	Burning Man Ticket - PPPLEASE HELP!	$450	Thu 13 Aug 10:33:13 AM
5170714631		/sfc/rvs/5170714631.html	Burning Man Rental - Nice Rv! Need your own truck- $3000 (Reno NV)	$3000	Thu 13 Aug 10:27:20 AM
5170743947		/sfc/rvs/5170743947.html	Burning Man Rental - Nice Rv! Need own truck! - (Reno NV)	$3000	Thu 13 Aug 10:02:35 AM
5170845618		/sfc/tix/5170845618.html	One burning man ticket for sale	$800	Thu 13 Aug 09:58:25 AM
5143522935		/sfc/bid/5143522935.html	Glow in the Dark bikes for Burning Man	$190	Thu 13 Aug 09:56:23 AM
5170679788		/sfc/rvs/5170679788.html	Burning Man Rental - Still Available! Need your own truck	$3000	Thu 13 Aug 09:40:47 AM
5170797846		/eby/tix/5170797846.html	WANTED: One burning man ticket and parking/vehicle pass	$850	Thu 13 Aug 09:34:12 AM
5170514922		/sfc/cto/5170514922.html	Burning Man RV Rental - Full Week, BM Fee Already Paid	$500	Thu 13 Aug 08:34:01 AM
5170567314		/sfc/tix/5170567314.html	One Burning Man Ticket	$850	Thu 13 Aug 07:29:48 AM
5170400007		/sfc/wan/5170400007.html	Need 2x Burning Man Tickets + 1x Vehicle Pass		Thu 13 Aug 05:43:32 AM
5170323520	5094669846	/sfc/for/5170323520.html	Burning man 2 tickets	$840	Thu 13 Aug 02:46:27 AM
5170319555		/sby/tix/5170319555.html	WANTED: Burning Man ticket ($725) or with vehicle pass $850	$725	Thu 13 Aug 01:30:47 AM
5170255296		/sfc/tix/5170255296.html	Scammers - Burning Man	$400	Thu 13 Aug 12:28:33 AM
5154352355	4904039340	/sfc/tid/5154352355.html	Burning Man Ticket		Mon 03 Aug 09:09:39 AM
5163653621		/sby/rvd/5163653621.html	Burning man Playa Class A B C RVs RV for Rental rent	$4000	Wed 12 Aug 11:03:57 PM
5166197411		/pen/tix/5166197411.html	genuine BURNING MAN fire ball	$11573	Wed 12 Aug 10:42:00 PM
5170258354		/eby/tix/5170258354.html	Temple Build Volunteer Seeks 1 or 2 Burning Man Tickets	$400	Wed 12 Aug 10:31:27 PM
5170248810		/pen/bik/5170248810.html	"BURNING MAN Vintage ""Stingray"" BANANA BIKE!.."	$135	Wed 12 Aug 10:13:50 PM
5170197943		/nby/rvs/5170197943.html	COMPACT RV. CLASS B. FOR RENT ONLY FOR BURNING MAN	$2999	Wed 12 Aug 09:43:10 PM
5170180677		/sfc/wan/5170180677.html	i need a burning man ticket		Wed 12 Aug 09:15:56 PM
5170117170		/sfc/rvs/5170117170.html	Burning Man Rentals with delivery available still	$3200	Wed 12 Aug 09:08:57 PM
5170201824		/eby/for/5170201824.html	Tents - Perfect for Burning Man	$25	Wed 12 Aug 09:01:17 PM
5170182459		/sfc/wan/5170182459.html	NEED 1 - 3 Burning Man Tickets	$1500	Wed 12 Aug 08:50:08 PM
5170124442	5022326102	/sfc/wan/5170124442.html	LOOKING------------Burning Man Hard Tickets	$500	Wed 12 Aug 08:17:01 PM
5168248077		/sfc/for/5168248077.html	burning man FIREWOOD for your event! we deliver to the gathering!! (		Tue 11 Aug 06:15:03 PM
5170135157		/sfc/bik/5170135157.html	Perfect Burning Man Bike	$180	Wed 12 Aug 07:44:40 PM
5170108302		/sfc/rvs/5170108302.html	Burning Man RV for Rent - Including 1 Ticket!	$5000	Wed 12 Aug 07:18:43 PM
5170094852	5102075019	/eby/zip/5170094852.html	mailbox mailboxes burning man		Wed 12 Aug 07:05:56 PM
5138972438	5115633911	/sfc/bik/5138972438.html	Bikes for Burning man		Wed 12 Aug 07:00:35 PM
5150490994		/sfc/cld/5150490994.html	Burning Man Clothing and Gear. Fur Vests, Fur Hats, EL Wire, Etc	$5	Wed 12 Aug 06:54:31 PM
5170003345	5141077319	/sby/wan/5170003345.html	Need travel trailer ~20ft, 8/28 - 9/1 NOT for burning man	$1	Wed 12 Aug 05:47:33 PM
5166405848		/eby/rvs/5166405848.html	1986 Georgie Boy RV 35' Cruise air 2 47K miles Burning man!	$4700	Wed 12 Aug 05:13:04 PM
5169923451	5081337680	/sfc/for/5169923451.html	Ready-Made Yurt for Burning Man	$1250	Wed 12 Aug 04:45:37 PM
5158555053		/sby/bik/5158555053.html	Schwinn Hollywood Girls Bike perfect for Burning Man SOLDor Bike Party		Wed 12 Aug 03:52:02 PM
5169813127		/scz/rvs/5169813127.html	RV RENTAL: Burning Man Camping Trailer	$1500	Wed 12 Aug 03:52:41 PM
5164385267		/sfc/bar/5164385267.html	Extra Burning Man tix? Trade it for massage and/or acu on the playa!		Wed 12 Aug 03:47:25 PM
5169663522	5094669846	/sfc/for/5169663522.html	Rv share burning man		Wed 12 Aug 03:28:48 PM
5169814684		/sfc/tix/5169814684.html	Burning man ticket and parking	$1	Wed 12 Aug 03:29:18 PM
5169661072	5094669846	/sfc/for/5169661072.html	Rv share burning man		Wed 12 Aug 03:07:25 PM
5169756336		/eby/bik/5169756336.html	"Groovy ""Limo Style"" Burning Man Special!!!"	$120	Wed 12 Aug 03:00:18 PM
5162904045		/nby/clo/5162904045.html	Deep 9 Neon Green/Blue FURRY COAT (BURNING MAN)	$140	Wed 12 Aug 02:50:43 PM
5158978008		/sfc/wan/5158978008.html	Burning Man Tickets Wanted	$850	Wed 12 Aug 02:25:31 PM
5169633588		/sfc/tix/5169633588.html	Wanted 2 burning man tickets	$500	Wed 12 Aug 02:05:57 PM
5169639631	4847985893	/sby/cld/5169639631.html	Renaissance Faire? Burning Man? Summer BBQ's? Debbie Lyn's Costumes!		Wed 12 Aug 01:54:18 PM
5169519252	4767290130	/eby/bik/5169519252.html	NEW TRICYCLE Perfect for BURNING MAN - Portotrike Workman's Cycle	$275	Wed 12 Aug 12:35:55 PM
5169454433		/scz/wan/5169454433.html	Burning man tickets wanted!!		Wed 12 Aug 12:02:20 PM
5160271979		/sfc/tix/5160271979.html	WANTED: Burning Man Ticket	$450	Wed 12 Aug 11:32:21 AM
5165769347		/sfc/rvs/5165769347.html	BURNING MAN RVs or TRAILERS for Rent!	$3800	Wed 12 Aug 11:29:43 AM
5169369782	4896015879	/nby/clo/5169369782.html	))) FAUX FUR HATS, FUN FOR PARTIES &amp; BURNING MAN EVENTS ((((	$8	Wed 12 Aug 11:19:36 AM
5169299771		/eby/tix/5169299771.html	Burning Man Vehicle Pass	$50	Wed 12 Aug 10:44:28 AM
5165746797		/scz/for/5165746797.html	Parachute ~ Great Burning Man Shade Structure		Wed 12 Aug 10:35:37 AM
5169243267		/sfc/wan/5169243267.html	Burning Man Tickets		Wed 12 Aug 10:34:57 AM
5169281626		/eby/bik/5169281626.html	THE ULTIMATE BURNING MAN BICYCLE!!!!	$150	Wed 12 Aug 10:35:11 AM
5160122800		/sfc/wan/5160122800.html	First Timer Would Burner Looking For Burning Man Ticket		Wed 12 Aug 09:45:55 AM
5160122889		/sfc/wan/5160122889.html	First Timer Would Burner Looking For Burning Man Ticket		Wed 12 Aug 09:45:48 AM
5169173814		/eby/rvs/5169173814.html	26' RV w/Solar for Rent for Burning Man	$3000	Wed 12 Aug 09:41:28 AM
5169132588		/nby/wan/5169132588.html	Wanted: burning man tickets.	$400	Wed 12 Aug 09:20:42 AM
5169109576		/eby/rvs/5169109576.html	Burning Man Rv 34ft for rent $6000	$6000	Wed 12 Aug 09:09:12 AM
5158530003		/sfc/rvs/5158530003.html	BURNING MAN RENTAL. SMALL CLASS B. VERY CUTE RV	$3000	Wed 12 Aug 08:53:12 AM
5120639573	4633342417	/sfc/cld/5120639573.html	Burning Man Clothes kilts and furry outfits	$20	Wed 12 Aug 08:01:05 AM
5168888233	4582581181	/sby/cld/5168888233.html	@@@@@Vintage Clothing ~ Burning Man Costumes &amp; Accessories in Stock!!!		Wed 12 Aug 07:24:43 AM
5158323316		/sfc/wan/5158323316.html	Looking for 2 Burning Man Tix and 1 Parking Passes, Pretty Please! :)	$1000	Wed 12 Aug 06:45:34 AM
5164919201		/sby/bik/5164919201.html	Diamondback Mountain Bike -Not Pretty but Works -Ideal for Burning Man	$60	Wed 12 Aug 06:10:30 AM
5168639550		/eby/for/5168639550.html	Cheap Mannequins &amp; Mannequin Parts for Burning Man	$10	Wed 12 Aug 12:24:37 AM
5163181394		/sfc/bik/5163181394.html	Burning Man Trike with Motor, Speakers &amp; Lights - $950 OBO	$950	Tue 11 Aug 11:24:22 PM
5164242500		/sfc/rvs/5164242500.html	Burning Man RV Rental w/ Delivery Sleeps 8	$5000	Thu 13 Aug 12:11:01 PM
5163190203		/sfc/rvs/5163190203.html	Burning Man 30' trailer rental W/ Delivery Sleeps 8	$6000	Thu 13 Aug 12:07:54 PM
5171084735		/scz/tix/5171084735.html	Burning Man Ticket for Sale	$950	Thu 13 Aug 12:02:37 PM
5171082844		/sfc/rvs/5171082844.html	Burning Man trailer rentals		Thu 13 Aug 12:01:36 PM
5171126315		/pen/tix/5171126315.html	2 Burning man tickets and 2 car passes	$1500	Thu 13 Aug 12:26:40 PM
5171126480		/sfc/tix/5171126480.html	Burning Man Ticket +Vehicle Pass	$850	Thu 13 Aug 12:26:45 PM
5171120862		/sfc/tix/5171120862.html	Pair of BURNING MAN TICKETS/ PARKING PASS	$1000	Thu 13 Aug 12:23:40 PM
5170967671		/sfc/tix/5170967671.html	One in hand Burning Man GA Ticket	$1100	Thu 13 Aug 12:52:14 PM
5171155785		/nby/wan/5171155785.html	Burning man ticket wanted	$1	Thu 13 Aug 12:42:52 PM
5171190395		/pen/wan/5171190395.html	Wanted 1 Burning Man Ticket - $550 Offer	$550	Thu 13 Aug 01:01:53 PM
5171248733		/eby/tix/5171248733.html	Burning man ticket	$850	Thu 13 Aug 01:35:39 PM
