5164135063	5015698894	/see/tid/5164135063.html	Burning Man Tickets to Sell		Sun 09 Aug 09:24:31 AM
5165130399		/see/tix/5165130399.html	Presale Burning Man ticket	$800	Sun 09 Aug 10:44:46 PM
5159467032	5015698894	/see/tid/5159467032.html	selling my burning man tickets		Thu 06 Aug 09:13:37 AM
5170755576	5063582795	/see/wan/5170755576.html	Burning Man Driving Pass Wanted!!!!	$50	Thu 13 Aug 09:19:43 AM
5170305731	4854489788	/see/tix/5170305731.html	Burning Man Event Tickets &amp; Info	$10	Thu 13 Aug 12:43:56 AM
5136327139	4865247718	/sno/for/5136327139.html	Burning Man Fur Exotic multi colored spikey by the yard	$20	Wed 12 Aug 08:44:22 PM
5157289562	4879027036	/sno/clo/5157289562.html	Burning man &amp; Raves costumes	$30	Wed 12 Aug 08:44:46 PM
5170160712	5131128608	/see/bik/5170160712.html	burning man bike sale	$50	Wed 12 Aug 08:11:38 PM
5169933233		/see/bik/5169933233.html	5 speed mountain bike (burning man?)	$60	Wed 12 Aug 05:05:41 PM
5169411448		/see/wan/5169411448.html	need burning man vehicle pass	$50	Wed 12 Aug 11:40:34 AM
5156853874	1932859953	/est/tix/5156853874.html	Want to buy 1 Burning Man Ticket	$500	Wed 12 Aug 10:48:27 AM
5126094514	1932859953	/est/tix/5126094514.html	Want to buy 2 Burning Man Tickets	$1	Wed 12 Aug 10:47:34 AM
5169265923		/see/wan/5169265923.html	Burning Man Tickets		Wed 12 Aug 10:27:23 AM
5152891961	5015698894	/see/tid/5152891961.html	I'm Selling my Burning Man Tickets		Sun 02 Aug 09:35:11 AM
5160259568		/see/wan/5160259568.html	Burning Man Tickets Wanted		Tue 11 Aug 02:39:28 PM
5167513300		/see/for/5167513300.html	15'x20' PVC Dome - burning man, greenhouse, aerial	$500	Tue 11 Aug 10:07:34 AM
5166530446	5068134252	/see/wan/5166530446.html	Burning Man Tickets	$400	Mon 10 Aug 05:03:09 PM
5166133540		/see/wan/5166133540.html	NEED One Burning Man ticket	$400	Mon 10 Aug 01:05:49 PM
5155286875		/see/for/5155286875.html	aluminet shade cloth, 70%, 7ft x 20ft, great for burning man	$85	Mon 10 Aug 12:07:38 PM
5165700156		/see/wan/5165700156.html	trade my extra Burning Man ticket for vehicle pass		Mon 10 Aug 09:35:49 AM
5165500695		/see/tix/5165500695.html	One Burning Man Ticket	$850	Mon 10 Aug 07:59:47 AM
5164964497	4586509380	/see/clo/5164964497.html	Get glowing with EL wire for Burning Man	$25	Sun 09 Aug 07:21:54 PM
5164924530		/see/clo/5164924530.html	Burning Man costumes etc.		Sun 09 Aug 06:31:10 PM
5151857736		/see/bik/5151857736.html	"Mtn Tek ""Extreme"" 21sp Mountain Bike - Great Burning Man Bike"	$100	Sun 09 Aug 04:31:09 PM
5140754213	5114242365	/see/tix/5140754213.html	Wanted - burning man ticket 500 bucks!	$500	Sat 08 Aug 06:00:59 PM
5163301036		/tac/tix/5163301036.html	1 BURNING MAN TICKET	$380	Sat 08 Aug 02:57:02 PM
5162076808		/see/wan/5162076808.html	BURNING MAN TICKET NEEDED!!! PLEASE	$400450	Fri 07 Aug 07:32:18 PM
5161132402		/see/wan/5161132402.html	Looking for Burning Man Tickets	$390	Fri 07 Aug 09:42:35 AM
5134623339		/see/wan/5134623339.html	Burning Man 2015 Ticket Wanted		Thu 06 Aug 01:56:59 PM
5158220244	5068289710	/see/cto/5158220244.html	1985 GMC Vandura Short Bus!!! Burning Man Ready!	$5000	Wed 05 Aug 12:53:49 PM
5141609626	5015698894	/see/tid/5141609626.html	I'm Selling my Burning Man Tickets!!!!!!!!!!!!!!!!!!		Sun 26 Jul 09:51:01 AM (9 seconds ago)
5170980384		/est/wan/5170980384.html	burning man vehicle pass wanted		Thu 13 Aug 11:07:57 AM
5158797179		/see/wan/5158797179.html	WTB 2 Burning Man Tickets	$800	Wed 12 Aug 03:00:26 PM
5154814628	5090881807	/see/bik/5154814628.html	Clean Burning Man Bike or commuter: Motiv with like new tires	$80	Wed 12 Aug 02:38:38 PM
5169233534		/est/tix/5169233534.html	Burning Man 2015 tickets - pair	$1707	Wed 12 Aug 10:11:10 AM
5151019263		/see/ctd/5151019263.html	RV FOR RENT, LEXURY 2015, BURNING MAN OR CRUISE USA, 8 SLEEPS, PARKING	$225	Sat 01 Aug 12:25:19 AM
5158980473		/oly/for/5158980473.html	BURNING MAN-TAIL GATERS---TEEPEE TENT	$200	Tue 11 Aug 07:42:14 AM
5158994416		/oly/for/5158994416.html	TAILGATERS -BURNING MAN-OVEN	$350	Tue 11 Aug 07:41:32 AM
5159003982		/oly/for/5159003982.html	TAILGATERS-BURNING MAN------ BENCHES	$50	Tue 11 Aug 07:41:11 AM
5159007711		/oly/for/5159007711.html	Burning Man - Boaters --------DRY BAGS	$5	Tue 11 Aug 07:40:54 AM
5166860608		/tac/tix/5166860608.html	Two Burning Man Tickets. $800 each	$800	Mon 10 Aug 10:14:45 PM
5166427018		/see/wan/5166427018.html	Wanted: Burning Man Vehicle Pass	$50	Mon 10 Aug 03:53:26 PM
5163289008	4904623998	/see/clo/5163289008.html	Furry coat (Burning Man?!)	$10	Sat 08 Aug 02:48:46 PM
5129936086	4872883342	/see/clo/5129936086.html	BURNING MAN COSTUMES	$10	Fri 07 Aug 02:53:54 PM
5113513861		/see/grq/5113513861.html	Burning Man Aluminet shade cloth 70%	$135	Fri 07 Aug 08:40:32 AM
5147965005	5040244535	/est/atd/5147965005.html	NEON &amp; PORCELAIN Signs, Gas Pumps-USA MADE Relics-THE MAN-CAVE SHOPPE!		Thu 13 Aug 10:25:05 AM
5125787414	5015698894	/see/tid/5125787414.html	four burning man tickets		Thu 16 Jul 08:42:23 AM (10 seconds ago)
5159158401	5104237086	/est/atq/5159158401.html	South Bend Malleable Steel MFG 818 Wood Burning Stove Oven Cast Iron	$6000	Thu 06 Aug 06:00:30 AM
5166761773	5134250864	/oly/app/5166761773.html	Plainsman wood stove	$150	Mon 10 Aug 08:09:22 PM
5171056147		/see/bks/5171056147.html	Lee Child-Jack Reacher	$15	Thu 13 Aug 11:47:17 AM
5171044469		/see/tid/5171044469.html	1-10 INCREDIBLE SEATS TOGETHER AVAILABLE ====&gt; LOWER LEVEL		Thu 13 Aug 11:41:11 AM
5136029621	4874101633	/see/fod/5136029621.html	Fireplace Remodel	$625	Thu 13 Aug 09:01:01 AM
5170491292	4893794008	/est/emq/5170491292.html	Folk Music CDs	$2	Thu 13 Aug 06:38:26 AM
5162272416	5058136741	/see/clo/5162272416.html	Faux Fur/Fake Fur Coats Jackets - Neon - Flashy - Spikey - Pimp Style	$175	Wed 12 Aug 08:44:16 PM
5170171315	5157238305	/see/bik/5170171315.html	12 Mountain Bikes all under $100	$45	Wed 12 Aug 08:31:45 PM
5150707844	4894532430	/sno/bks/5150707844.html	$2 Hardcover Clearance at Wit's End Boosktore	$2	Wed 12 Aug 06:52:31 PM
5128902772	4862781026	/sno/emd/5128902772.html	VHS Tape Collection		Wed 12 Aug 06:39:58 PM
5169619209		/see/tid/5169619209.html	1-12 TICKETS JUST RELEASED =========&gt; LOWER LEVEL PRIME VIEW		Wed 12 Aug 01:31:00 PM
5169580535	5029694529	/see/tid/5169580535.html	&#9745; TICKETS FOR SALE &#9745; DISCOUNTED SEATS &#9745; LOW PRICES		Wed 12 Aug 01:09:22 PM
5169350255	5100210900	/see/bik/5169350255.html	Fun foldable electric		Wed 12 Aug 11:09:49 AM
5157841907	4885600913	/see/ele/5157841907.html	Microprocessor LED spa lights	$20	Wed 12 Aug 07:14:15 AM
5168653213	5024319585	/see/rvs/5168653213.html	1986 Fleetwood Southwind 27'	$4000	Wed 12 Aug 01:05:41 AM
5168515751	5143538277	/see/hsh/5168515751.html	Queen size Insta EZ Bed Air Mattress and Frame	$200	Tue 11 Aug 08:36:17 PM
5168471267	5157238305	/see/bik/5168471267.html	12 Mountain Bikes all under $100	$45	Tue 11 Aug 07:49:13 PM
5168385441	5145441347	/tac/for/5168385441.html	wood stove	$550	Tue 11 Aug 06:33:41 PM
5167820803	5029694529	/see/tid/5167820803.html	&#9745; TICKETS FOR SALE &#9745; DISCOUNTED SEATS &#9745; LOW PRICES		Tue 11 Aug 12:38:55 PM
5156653370	5138033348	/see/cto/5156653370.html	Mutt Cutts Chop Top Shaggin Waggin	$1	Tue 11 Aug 10:52:51 AM
5167511556		/see/tid/5167511556.html	1-10 TICKETS AVAILABLE = CENTER VIEW = LOWER LEVEL =====&gt; HAVE TO SELL		Tue 11 Aug 10:06:41 AM
5166877434	4899380875	/skc/spo/5166877434.html	Bowflex Treadclimber TC20 w/ Heart Monitor - Will Deliver - Perfect!!	$2150	Mon 10 Aug 11:10:35 PM
5118839846	4885172216	/tac/bfd/5118839846.html	Kalt Drive-In Refrigerator 44'D x 93'L x 18'H, Complete	$68950	Mon 10 Aug 06:08:59 PM
5166070703	5029694529	/see/tid/5166070703.html	TICKETS FOR SALE !!! GREAT SEATS !!! CHEAP TICKETS !!!		Mon 10 Aug 12:33:37 PM
5165979193		/see/tid/5165979193.html	1-10 TICKETS AVAILABLE = CENTER VIEW = LOWER LEVEL =====&gt; HAVE TO SELL		Mon 10 Aug 11:48:05 AM
5165822902	5157238305	/see/bik/5165822902.html	5 Cruisers 12 Mountain Bikes all under $100	$45	Mon 10 Aug 10:33:06 AM
5164962958	4965532867	/see/bdp/5164962958.html	Light your bike with the BikeGlow Safety Light!	$29	Sun 09 Aug 07:15:26 PM
5164318484		/see/tid/5164318484.html	1-10 INCREDIBLE SEATS TOGETHER AVAILABLE ====&gt; LOWER LEVEL		Sun 09 Aug 11:19:10 AM
5164279414	5029694529	/see/tid/5164279414.html	&#9745; TICKETS FOR SALE &#9745; DISCOUNTED SEATS &#9745; LOW PRICES		Sun 09 Aug 10:55:18 AM
5163761225		/see/zip/5163761225.html	FREE LOVE SEAT/ COUCH		Sun 09 Aug 12:08:05 AM
5163122474		/see/bik/5163122474.html	HUGE BIKE SALE 52nd AND UW Ave. 17 all under $100	$25	Sat 08 Aug 01:02:00 PM
5162846851		/kit/cto/5162846851.html	Iconic 1971 Oldsmobile Vista Cruiser	$3200	Sat 08 Aug 11:11:20 AM
5162881162	5029694529	/see/tid/5162881162.html	TICKETS FOR SALE !!! GREAT SEATS !!! CHEAP TICKETS !!!		Sat 08 Aug 10:49:27 AM
5162829503	5157238305	/see/bik/5162829503.html	5 Cruisers 12 Mountain Bikes all under $100	$45	Sat 08 Aug 10:45:10 AM
5162245476	4739239195	/est/bks/5162245476.html	Book collection--signed first editions		Sat 08 Aug 12:53:05 AM
5162191822	4874619446	/oly/bkd/5162191822.html	Collectible Comics #63: DC -- Superman &amp; The Adventures of Sup		Fri 07 Aug 10:10:47 PM
5162012035		/see/bik/5162012035.html	Cruiser Bicycle	$200	Fri 07 Aug 06:28:31 PM
5129768791	4872916633	/see/clo/5129768791.html	Hawaiian Mu-Mu	$7	Fri 07 Aug 05:23:23 PM
5129909802	4872937599	/see/clo/5129909802.html	TIE DYE TEE SHIRTS	$10	Fri 07 Aug 02:57:00 PM
5116638765	5055409652	/see/spo/5116638765.html	Bicycle,Tandem Vintage Western Flyer	$115	Fri 07 Aug 01:20:18 PM
5161288556	5157238305	/see/bik/5161288556.html	5 Cruisers 12 Mountain Bikes all under $100	$45	Fri 07 Aug 11:05:17 AM
5161269512	5029694529	/see/tid/5161269512.html	&#9745; TICKETS FOR SALE &#9745; DISCOUNTED SEATS &#9745; LOW PRICES		Fri 07 Aug 10:44:43 AM
5160973352		/see/tid/5160973352.html	1-10 INCREDIBLE SEATS TOGETHER AVAILABLE ====&gt; LOWER LEVEL		Fri 07 Aug 08:13:13 AM
5160320732		/see/wan/5160320732.html	Need My Ticket To the Playa		Thu 06 Aug 05:30:47 PM
5116877788	4899380875	/skc/spo/5116877788.html	Bowflex Treadclimber TC20 ( NEW IN BOX ) w/ Heart Monitor - Delivered	$2150	Thu 06 Aug 02:43:15 PM
5160005114		/see/for/5160005114.html	Coleman Cooler 100qt	$55	Thu 06 Aug 01:56:20 PM
5158266023	5029694529	/see/tid/5158266023.html	&#9745; TICKETS FOR SALE &#9745; DISCOUNTED SEATS &#9745; LOW PRICES		Wed 05 Aug 12:59:57 PM
5157795282		/see/tid/5157795282.html	1-10 INCREDIBLE SEATS TOGETHER AVAILABLE ====&gt; LOWER LEVEL		Wed 05 Aug 09:03:40 AM
5156533756	5029694529	/see/tid/5156533756.html	&#9745; TICKETS FOR SALE &#9745; DISCOUNTED SEATS &#9745; LOW PRICES		Tue 04 Aug 12:47:14 PM
5154766746		/see/tid/5154766746.html	1-12 TICKETS JUST RELEASED =========&gt; LOWER LEVEL PRIME VIEW		Mon 03 Aug 12:32:02 PM
5145434097	5029694529	/see/tid/5145434097.html	&#9745; TICKETS FOR SALE &#9745; DISCOUNTED SEATS &#9745; LOW PRICES		Tue 28 Jul 01:52:46 PM (8 seconds ago)
5123085469		/see/cto/5123085469.html	1994 E350 Conversion Bus Low Mileage	&#x0024;5495	Tue 14 Jul 01:59:20 PM (3 seconds ago)
5169809847		//victoria.craigslist.ca/tix/5169809847.html	2 Burning man tickets / 1 parking pass	$1400	Wed 12 Aug 03:26:05 PM
5163152162		/see/bik/5163152162.html	"21"" Giant Cypress Hybrid bike"	$200	Thu 13 Aug 01:35:57 PM
